<?xml version="1.0" encoding="utf-8"?>
<extension type="module" version="3.4.1" client="site" method="upgrade">
    <name>VCS Payment</name>
    <author>Cygnus Infosystems LLC</author>
    <version>1.0.0</version>
    <description>Easy to pay via VCS payment gateway.</description>
    <files>
        <filename>mod_vcs.xml</filename>
        <filename module="mod_vcs">mod_vcs.php</filename>
        <filename>index.html</filename>
        <filename>helper.php</filename>
        <filename>tmpl/default.php</filename>
        <filename>tmpl/index.html</filename>
    </files>
    <config>
        <fields name="params">
            <fieldset name="basic">
                <field name="virtualID" type="text" default="" label="Virtual Terminal ID" description="Enter the virtual terminal ID" size="10" class="required" required="true" />
                <field name="approvedUrl" type="url" default="" label="Approved Url" description="Enter the url to get response on approved transaction." size="60" class="required" required="true" validate="url"/>
                <field name="declinedUrl" type="url" default="" label="Declined Url" description="Enter the url to get response on declined transaction." size="60" class="required" required="true" validate="url"/>
            </fieldset>
        </fields>
    </config>
</extension>